value,variable
0.003,enhanced
0.003,enhanced
0.003,enhanced
0.003,enhanced
0.003,enhanced
0.003,enhanced
0.003,enhanced
0.003,enhanced
0.003,enhanced
0.003,enhanced
0.006,enhanced
0.006,enhanced
0.006,enhanced
0.006,enhanced
0.006,enhanced
0.006,enhanced
0.006,enhanced
0.006,enhanced
0.006,enhanced
0.006,enhanced
0.006,enhanced
0.009,enhanced
0.009,enhanced
0.009,enhanced
0.009,enhanced
0.009,enhanced
0.009,enhanced
0.009,enhanced
0.009,enhanced
0.009,enhanced
0.012,enhanced
0.012,enhanced
0.012,enhanced
0.012,enhanced
0.012,enhanced
0.012,enhanced
0.012,enhanced
0.012,enhanced
0.012,enhanced
0.015,enhanced
0.015,enhanced
0.015,enhanced
0.015,enhanced
0.018,enhanced
0.018,enhanced
0.018,enhanced
0.018,enhanced
0.018,enhanced
0.019,enhanced
0.021,enhanced
0.021,enhanced
0.021,enhanced
0.021,enhanced
0.021,enhanced
0.021,enhanced
0.024,enhanced
0.024,enhanced
0.024,enhanced
0.024,enhanced
0.024,enhanced
0.024,enhanced
0.024,enhanced
0.027,enhanced
0.027,enhanced
0.03,enhanced
0.03,enhanced
0.03,enhanced
0.03,enhanced
0.03,enhanced
0.033,enhanced
0.033,enhanced
0.033,enhanced
0.033,enhanced
0.033,enhanced
0.033,enhanced
0.033,enhanced
0.036,enhanced
0.036,enhanced
0.036,enhanced
0.036,enhanced
0.036,enhanced
0.036,enhanced
0.036,enhanced
0.036,enhanced
0.036,enhanced
0.036,enhanced
0.036,enhanced
0.036,enhanced
0.039,enhanced
0.039,enhanced
0.039,enhanced
0.039,enhanced
0.039,enhanced
0.039,enhanced
0.039,enhanced
0.039,enhanced
0.039,enhanced
0.039,enhanced
0.039,enhanced
0.039,enhanced
0.042,enhanced
0.042,enhanced
0.042,enhanced
0.042,enhanced
0.042,enhanced
0.042,enhanced
0.042,enhanced
0.042,enhanced
0.042,enhanced
0.042,enhanced
0.042,enhanced
0.045,enhanced
0.045,enhanced
0.045,enhanced
0.045,enhanced
0.045,enhanced
0.045,enhanced
0.045,enhanced
0.048,enhanced
0.048,enhanced
0.048,enhanced
0.048,enhanced
0.048,enhanced
0.048,enhanced
0.048,enhanced
0.048,enhanced
0.048,enhanced
0.048,enhanced
0.051,enhanced
0.051,enhanced
0.051,enhanced
0.051,enhanced
0.051,enhanced
0.051,enhanced
0.051,enhanced
0.051,enhanced
0.051,enhanced
0.051,enhanced
0.051,enhanced
0.054,enhanced
0.054,enhanced
0.054,enhanced
0.054,enhanced
0.054,enhanced
0.054,enhanced
0.054,enhanced
0.057,enhanced
0.057,enhanced
0.057,enhanced
0.057,enhanced
0.06,enhanced
0.06,enhanced
0.06,enhanced
0.06,enhanced
0.06,enhanced
0.063,enhanced
0.063,enhanced
0.063,enhanced
0.063,enhanced
0.063,enhanced
0.066,enhanced
0.066,enhanced
0.066,enhanced
0.069,enhanced
0.069,enhanced
0.069,enhanced
0.069,enhanced
0.069,enhanced
0.072,enhanced
0.072,enhanced
0.072,enhanced
0.072,enhanced
0.072,enhanced
0.072,enhanced
0.074,enhanced
0.075,enhanced
0.075,enhanced
0.078,enhanced
0.078,enhanced
0.078,enhanced
0.078,enhanced
0.081,enhanced
0.081,enhanced
0.081,enhanced
0.081,enhanced
0.081,enhanced
0.081,enhanced
0.084,enhanced
0.087,enhanced
0.087,enhanced
0.087,enhanced
0.087,enhanced
0.09,enhanced
0.09,enhanced
0.093,enhanced
0.096,enhanced
0.096,enhanced
0.096,enhanced
0.099,enhanced
0.099,enhanced
0.099,enhanced
0.102,enhanced
0.102,enhanced
0.102,enhanced
0.105,enhanced
0.105,enhanced
0.108,enhanced
0.108,enhanced
0.108,enhanced
0.108,enhanced
0.108,enhanced
0.11,enhanced
0.111,enhanced
0.111,enhanced
0.111,enhanced
0.111,enhanced
0.111,enhanced
0.111,enhanced
0.114,enhanced
0.114,enhanced
0.114,enhanced
0.117,enhanced
0.117,enhanced
0.117,enhanced
0.117,enhanced
0.12,enhanced
0.12,enhanced
0.123,enhanced
0.123,enhanced
0.123,enhanced
0.123,enhanced
0.123,enhanced
0.123,enhanced
0.126,enhanced
0.126,enhanced
0.126,enhanced
0.126,enhanced
0.129,enhanced
0.129,enhanced
0.129,enhanced
0.132,enhanced
0.132,enhanced
0.132,enhanced
0.132,enhanced
0.135,enhanced
0.135,enhanced
0.135,enhanced
0.138,enhanced
0.138,enhanced
0.141,enhanced
0.144,enhanced
0.144,enhanced
0.147,enhanced
0.147,enhanced
0.147,enhanced
0.147,enhanced
0.153,enhanced
0.156,enhanced
0.156,enhanced
0.156,enhanced
0.156,enhanced
0.157,enhanced
0.159,enhanced
0.159,enhanced
0.16,enhanced
0.16,enhanced
0.165,enhanced
0.166,enhanced
0.168,enhanced
0.171,enhanced
0.171,enhanced
0.171,enhanced
0.171,enhanced
0.173,enhanced
0.173,enhanced
0.174,enhanced
0.174,enhanced
0.176,enhanced
0.177,enhanced
0.179,enhanced
0.18,enhanced
0.183,enhanced
0.185,enhanced
0.186,enhanced
0.187,enhanced
0.189,enhanced
0.198,enhanced
0.198,enhanced
0.201,enhanced
0.201,enhanced
0.201,enhanced
0.201,enhanced
0.202,enhanced
0.202,enhanced
0.204,enhanced
0.206,enhanced
0.207,enhanced
0.207,enhanced
0.21,enhanced
0.211,enhanced
0.211,enhanced
0.213,enhanced
0.216,enhanced
0.217,enhanced
0.223,enhanced
0.224,enhanced
0.225,enhanced
0.228,enhanced
0.23,enhanced
0.23,enhanced
0.231,enhanced
0.231,enhanced
0.233,enhanced
0.234,enhanced
0.234,enhanced
0.234,enhanced
0.237,enhanced
0.239,enhanced
0.24,enhanced
0.24,enhanced
0.243,enhanced
0.243,enhanced
0.249,enhanced
0.249,enhanced
0.252,enhanced
0.252,enhanced
0.254,enhanced
0.255,enhanced
0.261,enhanced
0.265,enhanced
0.265,enhanced
0.267,enhanced
0.27,enhanced
0.27,enhanced
0.273,enhanced
0.276,enhanced
0.279,enhanced
0.279,enhanced
0.282,enhanced
0.285,enhanced
0.285,enhanced
0.292,enhanced
0.294,enhanced
0.295,enhanced
0.297,enhanced
0.3,enhanced
0.3,enhanced
0.303,enhanced
0.303,enhanced
0.303,enhanced
0.303,enhanced
0.306,enhanced
0.306,enhanced
0.307,enhanced
0.312,enhanced
0.315,enhanced
0.318,enhanced
0.321,enhanced
0.321,enhanced
0.321,enhanced
0.322,enhanced
0.323,enhanced
0.328,enhanced
0.332,enhanced
0.336,enhanced
0.339,enhanced
0.342,enhanced
0.347,enhanced
0.348,enhanced
0.354,enhanced
0.36,enhanced
0.36,enhanced
0.364,enhanced
0.373,enhanced
0.374,enhanced
0.375,enhanced
0.394,enhanced
0.399,enhanced
0.405,enhanced
0.407,enhanced
0.408,enhanced
0.409,enhanced
0.409,enhanced
0.41,enhanced
0.414,enhanced
0.423,enhanced
0.429,enhanced
0.432,enhanced
0.433,enhanced
0.435,enhanced
0.438,enhanced
0.441,enhanced
0.448,enhanced
0.45,enhanced
0.453,enhanced
0.457,enhanced
0.468,enhanced
0.473,enhanced
0.474,enhanced
0.477,enhanced
0.489,enhanced
0.491,enhanced
0.501,enhanced
0.503,enhanced
0.504,enhanced
0.51,enhanced
0.513,enhanced
0.519,enhanced
0.524,enhanced
0.525,enhanced
0.531,enhanced
0.534,enhanced
0.534,enhanced
0.543,enhanced
0.559,enhanced
0.569,enhanced
0.57,enhanced
0.573,enhanced
0.578,enhanced
0.586,enhanced
0.593,enhanced
0.597,enhanced
0.6,enhanced
0.61,enhanced
0.611,enhanced
0.612,enhanced
0.621,enhanced
0.625,enhanced
0.625,enhanced
0.652,enhanced
0.658,enhanced
0.664,enhanced
0.664,enhanced
0.67,enhanced
0.681,enhanced
0.682,enhanced
0.686,enhanced
0.694,enhanced
0.697,enhanced
0.706,enhanced
0.712,enhanced
0.723,enhanced
0.723,enhanced
0.726,enhanced
0.741,enhanced
0.744,enhanced
0.756,enhanced
0.756,enhanced
0.757,enhanced
0.761,enhanced
0.768,enhanced
0.806,enhanced
0.819,enhanced
0.823,enhanced
0.832,enhanced
0.84,enhanced
0.843,enhanced
0.843,enhanced
0.846,enhanced
0.846,enhanced
0.867,enhanced
0.869,enhanced
0.898,enhanced
0.921,enhanced
0.935,enhanced
0.943,enhanced
0.961,enhanced
0.962,enhanced
0.974,enhanced
0.977,enhanced
0.988,enhanced
0.989,enhanced
0.998,enhanced
1.004,enhanced
1.008,enhanced
1.013,enhanced
1.038,enhanced
1.042,enhanced
1.058,enhanced
1.059,enhanced
1.065,enhanced
1.089,enhanced
1.1,enhanced
1.121,enhanced
1.122,enhanced
1.138,enhanced
1.141,enhanced
1.149,enhanced
1.17,enhanced
1.173,enhanced
1.174,enhanced
1.232,enhanced
1.234,enhanced
1.24,enhanced
1.244,enhanced
1.247,enhanced
1.277,enhanced
1.278,enhanced
1.297,enhanced
1.303,enhanced
1.336,enhanced
1.338,enhanced
1.34,enhanced
1.343,enhanced
1.359,enhanced
1.374,enhanced
1.388,enhanced
1.402,enhanced
1.431,enhanced
1.432,enhanced
1.455,enhanced
1.461,enhanced
1.474,enhanced
1.475,enhanced
1.521,enhanced
1.539,enhanced
1.552,enhanced
1.566,enhanced
1.578,enhanced
1.583,enhanced
1.609,enhanced
1.615,enhanced
1.636,enhanced
1.636,enhanced
1.638,enhanced
1.641,enhanced
1.647,enhanced
1.648,enhanced
1.651,enhanced
1.7,enhanced
1.703,enhanced
1.704,enhanced
1.729,enhanced
1.751,enhanced
1.755,enhanced
1.756,enhanced
1.777,enhanced
1.835,enhanced
1.837,enhanced
1.865,enhanced
1.873,enhanced
1.877,enhanced
1.88,enhanced
1.88,enhanced
1.918,enhanced
1.949,enhanced
1.959,enhanced
1.992,enhanced
1.995,enhanced
1.997,enhanced
2.018,enhanced
2.028,enhanced
2.035,enhanced
2.07,enhanced
2.071,enhanced
2.075,enhanced
2.098,enhanced
2.106,enhanced
2.196,enhanced
2.232,enhanced
2.244,enhanced
2.251,enhanced
2.263,enhanced
2.283,enhanced
2.328,enhanced
2.355,enhanced
2.358,enhanced
2.369,enhanced
2.407,enhanced
2.434,enhanced
2.447,enhanced
2.538,enhanced
2.551,enhanced
2.66,enhanced
2.674,enhanced
2.812,enhanced
2.829,enhanced
2.832,enhanced
2.842,enhanced
2.856,enhanced
2.861,enhanced
3.003,enhanced
3.048,enhanced
3.135,enhanced
3.139,enhanced
3.144,enhanced
3.146,enhanced
3.15,enhanced
3.274,enhanced
3.287,enhanced
3.372,enhanced
3.41,enhanced
3.567,enhanced
3.574,enhanced
3.602,enhanced
3.604,enhanced
3.635,enhanced
3.638,enhanced
3.65,enhanced
3.694,enhanced
3.826,enhanced
3.874,enhanced
3.982,enhanced
4.074,enhanced
4.149,enhanced
4.2,enhanced
4.247,enhanced
4.266,enhanced
4.356,enhanced
4.37,enhanced
4.424,enhanced
4.566,enhanced
4.589,enhanced
4.663,enhanced
4.715,enhanced
4.914,enhanced
5.018,enhanced
5.186,enhanced
5.288,enhanced
5.301,enhanced
5.339,enhanced
5.487,enhanced
6.242,enhanced
6.387,enhanced
6.396,enhanced
6.397,enhanced
6.478,enhanced
6.508,enhanced
6.654,enhanced
6.783,enhanced
7.025,enhanced
7.051,enhanced
7.146,enhanced
7.741,enhanced
8.057,enhanced
8.188,enhanced
8.231,enhanced
8.383,enhanced
8.514,enhanced
8.756,enhanced
8.816,enhanced
8.875,enhanced
9.243,enhanced
9.412,enhanced
10.46,enhanced
10.481,enhanced
11.38,enhanced
12.239,enhanced
12.503,enhanced
13.021,enhanced
13.585,enhanced
13.692,enhanced
14.5,enhanced
14.908,enhanced
14.925,enhanced
16.499,enhanced
16.866,enhanced
17.034,enhanced
17.139,enhanced
17.264,enhanced
17.657,enhanced
17.98,enhanced
18.043,enhanced
18.2,enhanced
18.785,enhanced
19.261,enhanced
19.866,enhanced
20.111,enhanced
20.228,enhanced
20.837,enhanced
20.92,enhanced
22.668,enhanced
23.547,enhanced
23.836,enhanced
24.179,enhanced
24.311,enhanced
25.745,enhanced
26.841,enhanced
27.068,enhanced
27.28,enhanced
27.293,enhanced
27.524,enhanced
27.686,enhanced
27.719,enhanced
27.966,enhanced
28.502,enhanced
28.987,enhanced
30.231,enhanced
30.632,enhanced
31.566,enhanced
31.839,enhanced
32.32,enhanced
32.423,enhanced
33.945,enhanced
34.695,enhanced
35.158,enhanced
35.353,enhanced
36.182,enhanced
37.31,enhanced
37.495,enhanced
38.825,enhanced
38.862,enhanced
39.067,enhanced
39.493,enhanced
39.676,enhanced
39.728,enhanced
39.84,enhanced
40.309,enhanced
41.196,enhanced
42.589,enhanced
43.299,enhanced
43.564,enhanced
43.878,enhanced
44.27,enhanced
44.833,enhanced
44.898,enhanced
45.002,enhanced
45.118,enhanced
45.163,enhanced
46.749,enhanced
47.002,enhanced
47.856,enhanced
47.954,enhanced
48.476,enhanced
48.915,enhanced
49.416,enhanced
50.634,enhanced
50.993,enhanced
51.528,enhanced
51.752,enhanced
51.894,enhanced
52.433,enhanced
52.976,enhanced
54.165,enhanced
54.534,enhanced
54.69,enhanced
55.231,enhanced
55.284,enhanced
55.481,enhanced
56.226,enhanced
56.418,enhanced
56.932,enhanced
57.545,enhanced
58.267,enhanced
58.581,enhanced
58.672,enhanced
59.437,enhanced
59.496,enhanced
59.995,enhanced
60.014,enhanced
60.081,enhanced
61.261,enhanced
62.287,enhanced
62.686,enhanced
63.544,enhanced
63.907,enhanced
64.611,enhanced
64.935,enhanced
64.966,enhanced
65.052,enhanced
66.774,enhanced
67.886,enhanced
68.333,enhanced
69.189,enhanced
69.36,enhanced
69.498,enhanced
70.134,enhanced
70.736,enhanced
71.04,enhanced
72.044,enhanced
72.673,enhanced
73.141,enhanced
73.354,enhanced
73.554,enhanced
73.819,enhanced
74.429,enhanced
74.467,enhanced
74.672,enhanced
74.859,enhanced
75.272,enhanced
75.409,enhanced
75.542,enhanced
75.844,enhanced
76.576,enhanced
76.96,enhanced
77.666,enhanced
77.809,enhanced
77.939,enhanced
78.439,enhanced
78.722,enhanced
78.814,enhanced
78.95,enhanced
79.115,enhanced
79.557,enhanced
80.184,enhanced
81.477,enhanced
81.522,enhanced
82.251,enhanced
82.418,enhanced
82.698,enhanced
82.906,enhanced
83.267,enhanced
83.337,enhanced
83.628,enhanced
83.654,enhanced
83.729,enhanced
85.311,enhanced
85.606,enhanced
86.294,enhanced
87.236,enhanced
87.331,enhanced
87.501,enhanced
87.786,enhanced
88.213,enhanced
88.278,enhanced
88.412,enhanced
88.668,enhanced
89.75,enhanced
89.897,enhanced
90.668,enhanced
90.683,enhanced
91.472,enhanced
91.686,enhanced
92.155,enhanced
93.106,enhanced
93.178,enhanced
93.335,enhanced
93.769,enhanced
94.098,enhanced
94.757,enhanced
94.919,enhanced
95.092,enhanced
96.104,enhanced
97.226,enhanced
97.278,enhanced
97.349,enhanced
97.747,enhanced
98.219,enhanced
98.755,enhanced
100.027,enhanced
100.451,enhanced
100.736,enhanced
101.278,enhanced
101.333,enhanced
102.756,enhanced
103.476,enhanced
103.539,enhanced
104.091,enhanced
104.627,enhanced
104.78,enhanced
105.694,enhanced
105.717,enhanced
105.85,enhanced
106.377,enhanced
106.893,enhanced
107.175,enhanced
107.198,enhanced
107.351,enhanced
107.931,enhanced
108.366,enhanced
108.761,enhanced
109.134,enhanced
109.519,enhanced
111.004,enhanced
111.03,enhanced
111.129,enhanced
111.775,enhanced
111.906,enhanced
112.802,enhanced
113.406,enhanced
113.415,enhanced
114.368,enhanced
114.561,enhanced
114.591,enhanced
114.9,enhanced
114.98,enhanced
115.335,enhanced
115.437,enhanced
115.488,enhanced
115.532,enhanced
115.916,enhanced
116.176,enhanced
116.349,enhanced
116.735,enhanced
117.668,enhanced
117.869,enhanced
118.289,enhanced
118.7,enhanced
119.145,enhanced
119.45,enhanced
119.911,enhanced
119.976,enhanced
120.256,enhanced
120.927,enhanced
121.405,enhanced
121.549,enhanced
121.776,enhanced
122.169,enhanced
122.899,enhanced
123.035,enhanced
123.038,enhanced
123.117,enhanced
123.224,enhanced
123.583,enhanced
123.725,enhanced
124.059,enhanced
124.095,enhanced
124.212,enhanced
124.719,enhanced
124.864,enhanced
125.019,enhanced
125.984,enhanced
126.716,enhanced
126.845,enhanced
127.047,enhanced
127.362,enhanced
127.734,enhanced
128.048,enhanced
128.123,enhanced
128.748,enhanced
128.799,enhanced
130.7,enhanced
131.403,enhanced
131.46,enhanced
131.821,enhanced
132.284,enhanced
132.78,enhanced
133.1,enhanced
133.103,enhanced
133.493,enhanced
133.524,enhanced
133.846,enhanced
133.86,enhanced
134.09,enhanced
136.394,enhanced
138.337,enhanced
138.407,enhanced
138.813,enhanced
138.921,enhanced
139.088,enhanced
139.965,enhanced
141.447,enhanced
143.523,enhanced
146.165,enhanced
146.175,enhanced
146.855,enhanced
147.015,enhanced
147.341,enhanced
147.804,enhanced
147.942,enhanced
148.282,enhanced
148.697,enhanced
148.724,enhanced
149.127,enhanced
149.21,enhanced
149.286,enhanced
150.075,enhanced
150.108,enhanced
150.265,enhanced
150.541,enhanced
151.468,enhanced
151.555,enhanced
153.39,enhanced
153.925,enhanced
154.829,enhanced
154.914,enhanced
155.063,enhanced
155.862,enhanced
156.543,enhanced
156.595,enhanced
156.986,enhanced
158.423,enhanced
158.633,enhanced
159.327,enhanced
159.522,enhanced
159.76,enhanced
160.277,enhanced
160.736,enhanced
162.047,enhanced
162.37,enhanced
162.767,enhanced
162.977,enhanced
163.217,enhanced
164.495,enhanced
164.63,enhanced
164.906,enhanced
165.069,enhanced
165.23,enhanced
165.39,enhanced
165.763,enhanced
166.038,enhanced
166.654,enhanced
167.562,enhanced
167.886,enhanced
168.433,enhanced
170.375,enhanced
171.504,enhanced
171.998,enhanced
172.417,enhanced
172.586,enhanced
173.019,enhanced
173.39,enhanced
174.189,enhanced
174.569,enhanced
175.009,enhanced
175.346,enhanced
175.554,enhanced
175.833,enhanced
177.569,enhanced
177.989,enhanced
178.078,enhanced
178.279,enhanced
179.598,enhanced
181.254,enhanced
182.648,enhanced
186.327,enhanced
186.346,enhanced
186.499,enhanced
186.674,enhanced
187.982,enhanced
188.212,enhanced
188.487,enhanced
188.798,enhanced
188.889,enhanced
190.003,enhanced
190.387,enhanced
190.525,enhanced
191.381,enhanced
191.789,enhanced
192.621,enhanced
192.836,enhanced
193.38,enhanced
193.943,enhanced
194.144,enhanced
194.213,enhanced
196.411,enhanced
197.696,enhanced
197.846,enhanced
198.228,enhanced
198.247,enhanced
198.907,enhanced
199.515,enhanced
202.364,enhanced
202.785,enhanced
203.557,enhanced
203.831,enhanced
203.945,enhanced
204.314,enhanced
204.402,enhanced
205.329,enhanced
205.381,enhanced
205.519,enhanced
205.554,enhanced
206.292,enhanced
206.398,enhanced
207.538,enhanced
207.8,enhanced
207.939,enhanced
207.998,enhanced
208.793,enhanced
209.047,enhanced
210.19,enhanced
210.78,enhanced
210.945,enhanced
211.486,enhanced
213.246,enhanced
213.746,enhanced
214.142,enhanced
214.181,enhanced
214.414,enhanced
214.769,enhanced
215.468,enhanced
215.716,enhanced
216.628,enhanced
217.258,enhanced
217.453,enhanced
217.903,enhanced
217.926,enhanced
218.195,enhanced
218.493,enhanced
219.301,enhanced
219.344,enhanced
220.106,enhanced
221.081,enhanced
221.313,enhanced
223.471,enhanced
226.445,enhanced
228.535,enhanced
228.54,enhanced
229.055,enhanced
231.22,enhanced
232.371,enhanced
232.863,enhanced
233.657,enhanced
237.579,enhanced
239.401,enhanced
239.696,enhanced
239.919,enhanced
241.767,enhanced
242.205,enhanced
242.296,enhanced
243.24,enhanced
243.692,enhanced
243.888,enhanced
244.149,enhanced
244.818,enhanced
244.851,enhanced
245.011,enhanced
245.175,enhanced
246.078,enhanced
246.816,enhanced
248.103,enhanced
249.124,enhanced
251.516,enhanced
252.124,enhanced
252.329,enhanced
252.639,enhanced
253.169,enhanced
253.622,enhanced
254.371,enhanced
254.569,enhanced
255.466,enhanced
255.989,enhanced
256.885,enhanced
257.204,enhanced
257.567,enhanced
257.967,enhanced
259.725,enhanced
259.728,enhanced
260.06,enhanced
260.354,enhanced
261.297,enhanced
261.553,enhanced
261.634,enhanced
261.715,enhanced
262.086,enhanced
263.363,enhanced
264.046,enhanced
266.16,enhanced
267.018,enhanced
267.213,enhanced
267.431,enhanced
267.647,enhanced
267.987,enhanced
268.424,enhanced
268.716,enhanced
268.904,enhanced
269.543,enhanced
269.562,enhanced
269.569,enhanced
270.095,enhanced
270.152,enhanced
270.307,enhanced
270.758,enhanced
271.206,enhanced
272.039,enhanced
272.101,enhanced
272.962,enhanced
273.001,enhanced
273.514,enhanced
274.471,enhanced
274.921,enhanced
275.215,enhanced
276.695,enhanced
277.735,enhanced
277.942,enhanced
278.094,enhanced
278.34,enhanced
278.53,enhanced
279.086,enhanced
279.308,enhanced
279.401,enhanced
279.804,enhanced
280.08,enhanced
280.226,enhanced
280.462,enhanced
280.936,enhanced
281.353,enhanced
281.779,enhanced
281.867,enhanced
282.862,enhanced
282.933,enhanced
283.217,enhanced
284.016,enhanced
285.248,enhanced
286.395,enhanced
286.947,enhanced
287.581,enhanced
289.486,enhanced
289.728,enhanced
289.927,enhanced
289.94,enhanced
291.538,enhanced
291.582,enhanced
292.423,enhanced
293.008,enhanced
293.012,enhanced
293.656,enhanced
294.759,enhanced
295.019,enhanced
295.649,enhanced
295.743,enhanced
296.484,enhanced
296.97,enhanced
297.064,enhanced
299.116,enhanced
299.961,enhanced
300.173,enhanced
300.351,enhanced
300.843,enhanced
300.863,enhanced
302.912,enhanced
303.511,enhanced
304.61,enhanced
304.799,enhanced
304.907,enhanced
305.076,enhanced
307.075,enhanced
307.158,enhanced
307.803,enhanced
308.131,enhanced
309.753,enhanced
310.012,enhanced
310.207,enhanced
310.586,enhanced
310.672,enhanced
311.654,enhanced
311.882,enhanced
312.527,enhanced
312.599,enhanced
312.631,enhanced
313.113,enhanced
313.975,enhanced
315.121,enhanced
315.695,enhanced
316.013,enhanced
316.391,enhanced
316.494,enhanced
316.603,enhanced
317.422,enhanced
317.471,enhanced
317.736,enhanced
317.771,enhanced
318.269,enhanced
318.884,enhanced
320.312,enhanced
321.909,enhanced
322.284,enhanced
322.464,enhanced
322.948,enhanced
327.017,enhanced
328.06,enhanced
329.353,enhanced
329.444,enhanced
329.894,enhanced
330.891,enhanced
332.477,enhanced
334.094,enhanced
334.167,enhanced
334.871,enhanced
335.304,enhanced
335.383,enhanced
335.753,enhanced
336.112,enhanced
336.162,enhanced
336.787,enhanced
337.183,enhanced
338.191,enhanced
338.609,enhanced
339.097,enhanced
340.278,enhanced
340.755,enhanced
341.023,enhanced
343.165,enhanced
344.482,enhanced
345.773,enhanced
346.067,enhanced
347.41,enhanced
348.788,enhanced
349.123,enhanced
349.206,enhanced
350.032,enhanced
351.93,enhanced
352.772,enhanced
352.95,enhanced
353.751,enhanced
355.777,enhanced
356.134,enhanced
356.594,enhanced
356.63,enhanced
356.789,enhanced
356.974,enhanced
357.622,enhanced
359.57,enhanced
360.998,enhanced
362.18,enhanced
362.367,enhanced
362.614,enhanced
362.883,enhanced
363.427,enhanced
363.767,enhanced
364.229,enhanced
364.58,enhanced
364.882,enhanced
366.783,enhanced
367.051,enhanced
368.567,enhanced
368.87,enhanced
369.848,enhanced
370.335,enhanced
370.546,enhanced
371.094,enhanced
371.598,enhanced
373.729,enhanced
373.842,enhanced
374.86,enhanced
376.487,enhanced
376.519,enhanced
378.01,enhanced
379.443,enhanced
382.286,enhanced
383.54,enhanced
384.744,enhanced
385.158,enhanced
385.368,enhanced
385.696,enhanced
387.292,enhanced
387.995,enhanced
388.255,enhanced
388.264,enhanced
388.979,enhanced
389.745,enhanced
390.458,enhanced
390.525,enhanced
394.278,enhanced
394.651,enhanced
394.719,enhanced
395.783,enhanced
397.903,enhanced
398.587,enhanced
403.204,enhanced
403.617,enhanced
404.456,enhanced
405.083,enhanced
405.358,enhanced
406.353,enhanced
408.154,enhanced
408.182,enhanced
408.273,enhanced
408.976,enhanced
409.133,enhanced
409.502,enhanced
411.027,enhanced
411.76,enhanced
412.871,enhanced
414.067,enhanced
415.03,enhanced
415.628,enhanced
416.952,enhanced
417.413,enhanced
417.53,enhanced
418.448,enhanced
420.111,enhanced
421.458,enhanced
422.05,enhanced
422.307,enhanced
422.998,enhanced
423.754,enhanced
423.94,enhanced
425.279,enhanced
425.524,enhanced
426.014,enhanced
426.72,enhanced
426.834,enhanced
427.186,enhanced
428.267,enhanced
431.941,enhanced
432.872,enhanced
433.61,enhanced
434.3,enhanced
434.84,enhanced
436.317,enhanced
437.704,enhanced
439.696,enhanced
439.867,enhanced
440.837,enhanced
441.278,enhanced
443.389,enhanced
444.187,enhanced
444.764,enhanced
445.034,enhanced
446.536,enhanced
447.666,enhanced
448.656,enhanced
449.622,enhanced
449.864,enhanced
449.955,enhanced
451.841,enhanced
451.871,enhanced
452.84,enhanced
453.14,enhanced
454.088,enhanced
455.376,enhanced
455.807,enhanced
455.942,enhanced
458.035,enhanced
462.649,enhanced
464.067,enhanced
465.271,enhanced
465.88,enhanced
466.002,enhanced
467.132,enhanced
468.079,enhanced
469.361,enhanced
469.441,enhanced
469.731,enhanced
470.396,enhanced
471.004,enhanced
471.528,enhanced
471.728,enhanced
472.164,enhanced
472.178,enhanced
472.281,enhanced
474.706,enhanced
474.822,enhanced
479.198,enhanced
479.286,enhanced
480.038,enhanced
480.476,enhanced
481.236,enhanced
481.268,enhanced
482.635,enhanced
483.222,enhanced
484.683,enhanced
485.531,enhanced
486.215,enhanced
487.618,enhanced
489.943,enhanced
493.128,enhanced
497.155,enhanced
498.548,enhanced
498.968,enhanced
500.607,enhanced
500.722,enhanced
501.463,enhanced
502.025,enhanced
504.442,enhanced
505.463,enhanced
505.753,enhanced
506.851,enhanced
508.131,enhanced
509.822,enhanced
509.829,enhanced
512.124,enhanced
512.216,enhanced
512.813,enhanced
515.659,enhanced
515.892,enhanced
515.964,enhanced
516.235,enhanced
518.8,enhanced
519.687,enhanced
519.965,enhanced
521.795,enhanced
522.372,enhanced
522.473,enhanced
522.505,enhanced
525.197,enhanced
525.811,enhanced
525.849,enhanced
527.036,enhanced
527.185,enhanced
527.432,enhanced
527.548,enhanced
528.238,enhanced
528.542,enhanced
529.977,enhanced
530.22,enhanced
530.499,enhanced
532.215,enhanced
532.693,enhanced
536.793,enhanced
537.534,enhanced
537.737,enhanced
538.695,enhanced
539.588,enhanced
541.116,enhanced
542.372,enhanced
543.385,enhanced
543.628,enhanced
544.76,enhanced
544.912,enhanced
546.068,enhanced
547.606,enhanced
547.692,enhanced
548.582,enhanced
549.037,enhanced
550.945,enhanced
554.624,enhanced
555.671,enhanced
555.841,enhanced
556.994,enhanced
557.876,enhanced
558.045,enhanced
559.901,enhanced
561.09,enhanced
561.279,enhanced
564.406,enhanced
565.725,enhanced
565.89,enhanced
566.181,enhanced
566.771,enhanced
567.312,enhanced
569.141,enhanced
569.637,enhanced
571.7,enhanced
572.054,enhanced
573.191,enhanced
574.328,enhanced
575.025,enhanced
577.498,enhanced
580.093,enhanced
580.734,enhanced
581.112,enhanced
581.453,enhanced
582.807,enhanced
582.885,enhanced
583.172,enhanced
584.517,enhanced
585.675,enhanced
592.076,enhanced
593.244,enhanced
594.036,enhanced
594.368,enhanced
595.532,enhanced
599.353,enhanced
600.181,enhanced
601.521,enhanced
609.002,enhanced
609.067,enhanced
610.004,enhanced
610.747,enhanced
612.692,enhanced
613.931,enhanced
614.249,enhanced
617.428,enhanced
618.53,enhanced
620.963,enhanced
625.811,enhanced
626.216,enhanced
627.142,enhanced
629.291,enhanced
630.534,enhanced
632.141,enhanced
632.489,enhanced
633.177,enhanced
634.318,enhanced
635.506,enhanced
636.671,enhanced
636.76,enhanced
637.22,enhanced
640.291,enhanced
640.49,enhanced
642.11,enhanced
643.343,enhanced
643.555,enhanced
643.941,enhanced
646.226,enhanced
647.118,enhanced
648.311,enhanced
648.603,enhanced
651.546,enhanced
652.926,enhanced
653.931,enhanced
655.539,enhanced
656.878,enhanced
657.945,enhanced
658.06,enhanced
659.282,enhanced
661.828,enhanced
662.533,enhanced
664.153,enhanced
664.176,enhanced
664.326,enhanced
669.335,enhanced
670.361,enhanced
670.727,enhanced
670.985,enhanced
671.041,enhanced
671.909,enhanced
678.799,enhanced
679.658,enhanced
680.09,enhanced
682.251,enhanced
682.479,enhanced
682.719,enhanced
684.004,enhanced
685.287,enhanced
686.544,enhanced
689.002,enhanced
693.379,enhanced
694.388,enhanced
694.872,enhanced
695.109,enhanced
695.746,enhanced
695.955,enhanced
696.192,enhanced
697.526,enhanced
697.922,enhanced
698.07,enhanced
699.213,enhanced
702.785,enhanced
710.28,enhanced
710.466,enhanced
713.374,enhanced
716.373,enhanced
716.48,enhanced
717.588,enhanced
718.396,enhanced
719.78,enhanced
720.667,enhanced
722.614,enhanced
725.223,enhanced
725.878,enhanced
727.754,enhanced
729.142,enhanced
729.654,enhanced
729.908,enhanced
730.245,enhanced
730.474,enhanced
730.818,enhanced
731.372,enhanced
731.666,enhanced
732.108,enhanced
733.026,enhanced
735.34,enhanced
735.495,enhanced
739.191,enhanced
739.587,enhanced
740.447,enhanced
743.823,enhanced
743.955,enhanced
744.706,enhanced
746.047,enhanced
746.42,enhanced
746.467,enhanced
747.304,enhanced
748.253,enhanced
749.338,enhanced
749.682,enhanced
752.932,enhanced
753.627,enhanced
754.075,enhanced
754.457,enhanced
758.483,enhanced
759.042,enhanced
763.13,enhanced
763.664,enhanced
766.168,enhanced
771.566,enhanced
776.295,enhanced
777.007,enhanced
778.809,enhanced
783.035,enhanced
784.827,enhanced
787.476,enhanced
788.45,enhanced
788.84,enhanced
789.618,enhanced
790.525,enhanced
790.736,enhanced
791.627,enhanced
791.916,enhanced
791.994,enhanced
792.472,enhanced
793.472,enhanced
795.297,enhanced
795.404,enhanced
795.867,enhanced
796.723,enhanced
798.928,enhanced
801.912,enhanced
804.191,enhanced
804.443,enhanced
805.498,enhanced
805.563,enhanced
808.931,enhanced
809.593,enhanced
809.877,enhanced
810.911,enhanced
812.949,enhanced
813.849,enhanced
814.126,enhanced
814.379,enhanced
814.725,enhanced
815.214,enhanced
816.487,enhanced
819.622,enhanced
820.342,enhanced
820.412,enhanced
821.794,enhanced
822.943,enhanced
823.479,enhanced
824.571,enhanced
833.207,enhanced
835.461,enhanced
835.967,enhanced
837.413,enhanced
838.327,enhanced
840.411,enhanced
840.896,enhanced
841.303,enhanced
843.161,enhanced
843.491,enhanced
845.525,enhanced
847.053,enhanced
851.583,enhanced
853.281,enhanced
857.719,enhanced
859.656,enhanced
860.906,enhanced
862.125,enhanced
866.058,enhanced
867.423,enhanced
869.746,enhanced
870.169,enhanced
870.471,enhanced
872.048,enhanced
877.349,enhanced
877.868,enhanced
878.044,enhanced
879.699,enhanced
883.976,enhanced
885.034,enhanced
888.758,enhanced
888.886,enhanced
888.998,enhanced
890.275,enhanced
892.121,enhanced
892.717,enhanced
897.836,enhanced
900.091,enhanced
900.309,enhanced
900.502,enhanced
903.705,enhanced
903.774,enhanced
907.386,enhanced
911.161,enhanced
911.762,enhanced
912.184,enhanced
912.215,enhanced
912.449,enhanced
914.283,enhanced
914.311,enhanced
914.321,enhanced
914.602,enhanced
917.336,enhanced
921.377,enhanced
925.263,enhanced
930.753,enhanced
931.562,enhanced
933.023,enhanced
934.7,enhanced
935.759,enhanced
936.073,enhanced
936.224,enhanced
938.782,enhanced
939.43,enhanced
939.593,enhanced
939.61,enhanced
939.96,enhanced
940.546,enhanced
941.466,enhanced
942.506,enhanced
942.55,enhanced
947.192,enhanced
951.116,enhanced
959.465,enhanced
959.858,enhanced
960.535,enhanced
964.384,enhanced
965.314,enhanced
967.332,enhanced
968.902,enhanced
969.88,enhanced
972.811,enhanced
974.187,enhanced
979.933,enhanced
980.43,enhanced
980.606,enhanced
982.938,enhanced
983.422,enhanced
987.456,enhanced
989.134,enhanced
992.835,enhanced
993.122,enhanced
993.154,enhanced
995.952,enhanced
997.659,enhanced
998.672,enhanced
999.669,enhanced
1001.302,enhanced
1001.912,enhanced
1004.515,enhanced
1007.32,enhanced
1010.008,enhanced
1010.216,enhanced
1011.432,enhanced
1011.631,enhanced
1012.074,enhanced
1016.473,enhanced
1017.116,enhanced
1017.303,enhanced
1017.795,enhanced
1021.998,enhanced
1023.415,enhanced
1024.167,enhanced
1024.272,enhanced
1029.776,enhanced
1033.109,enhanced
1035.297,enhanced
1035.75,enhanced
1036.616,enhanced
1037.116,enhanced
1038.03,enhanced
1039.071,enhanced
1040.547,enhanced
1046.377,enhanced
1046.767,enhanced
1047.937,enhanced
1048.015,enhanced
1052.596,enhanced
1054.482,enhanced
1054.963,enhanced
1055.136,enhanced
1056.754,enhanced
1059.11,enhanced
1059.623,enhanced
1069.796,enhanced
1070.054,enhanced
1074.488,enhanced
1075.338,enhanced
1076.46,enhanced
1078.566,enhanced
1083.961,enhanced
1084.708,enhanced
1088.187,enhanced
1095.333,enhanced
1097.551,enhanced
1102.101,enhanced
1105.347,enhanced
1107.434,enhanced
1109.946,enhanced
1111.676,enhanced
1114.155,enhanced
1118.601,enhanced
1118.953,enhanced
1120.711,enhanced
1126.019,enhanced
1128.121,enhanced
1140.038,enhanced
1141.64,enhanced
1142.611,enhanced
1145.286,enhanced
1145.875,enhanced
1146.384,enhanced
1146.853,enhanced
1147.133,enhanced
1147.23,enhanced
1152.087,enhanced
1153.095,enhanced
1154.183,enhanced
1157.68,enhanced
1160.795,enhanced
1161.187,enhanced
1163.6,enhanced
1167.246,enhanced
1167.713,enhanced
1167.924,enhanced
1168.596,enhanced
1171.065,enhanced
1171.526,enhanced
1171.607,enhanced
1173.729,enhanced
1173.963,enhanced
1177.59,enhanced
1178.307,enhanced
1179.655,enhanced
1181.288,enhanced
1187.325,enhanced
1187.795,enhanced
1187.826,enhanced
1190.24,enhanced
1192.642,enhanced
1198.978,enhanced
1204.597,enhanced
1206.711,enhanced
1207.703,enhanced
1208.004,enhanced
1210.241,enhanced
1214.629,enhanced
1217,enhanced
1225.061,enhanced
1232.944,enhanced
1234.858,enhanced
1238.107,enhanced
1244.084,enhanced
1246.188,enhanced
1246.62,enhanced
1246.694,enhanced
1248.193,enhanced
1249.655,enhanced
1250.941,enhanced
1252.697,enhanced
1252.881,enhanced
1262.06,enhanced
1263.127,enhanced
1267.61,enhanced
1267.784,enhanced
1269.055,enhanced
1275.294,enhanced
1281.162,enhanced
1282.589,enhanced
1284.047,enhanced
1285.07,enhanced
1292.619,enhanced
1293.351,enhanced
1294.802,enhanced
1315.716,enhanced
1318.12,enhanced
1327.816,enhanced
1328.131,enhanced
1329.723,enhanced
1336.981,enhanced
1337.842,enhanced
1338.823,enhanced
1340.247,enhanced
1343.85,enhanced
1344.181,enhanced
1344.858,enhanced
1350.031,enhanced
1352.499,enhanced
1353.597,enhanced
1353.765,enhanced
1361.689,enhanced
1362.473,enhanced
1363.425,enhanced
1365.776,enhanced
1371.447,enhanced
1371.493,enhanced
1375.96,enhanced
1381.841,enhanced
1384.317,enhanced
1387.26,enhanced
1390.513,enhanced
1391.68,enhanced
1392.513,enhanced
1393.23,enhanced
1399.271,enhanced
1408.285,enhanced
1410.722,enhanced
1410.876,enhanced
1411.422,enhanced
1412.565,enhanced
1413.797,enhanced
1419.632,enhanced
1420.328,enhanced
1422.361,enhanced
1423.937,enhanced
1424.523,enhanced
1427.632,enhanced
1430.049,enhanced
1435.653,enhanced
1440.367,enhanced
1441.619,enhanced
1442.737,enhanced
1445.489,enhanced
1445.831,enhanced
1452.371,enhanced
1463.971,enhanced
1464.082,enhanced
1467.183,enhanced
1471.3,enhanced
1475.187,enhanced
1483.241,enhanced
1495.911,enhanced
1497.08,enhanced
1497.298,enhanced
1503.499,enhanced
1512.24,enhanced
1524.725,enhanced
1531.434,enhanced
1540.465,enhanced
1543.604,enhanced
1545.138,enhanced
1556.109,enhanced
1557.15,enhanced
1561.561,enhanced
1562.765,enhanced
1564.362,enhanced
1566.069,enhanced
1569.04,enhanced
1571.837,enhanced
1573.968,enhanced
1575.655,enhanced
1576.49,enhanced
1577.328,enhanced
1577.997,enhanced
1583.358,enhanced
1585.833,enhanced
1586.681,enhanced
1586.721,enhanced
1588.1,enhanced
1589.922,enhanced
1592.496,enhanced
1599.139,enhanced
1602.919,enhanced
1609.604,enhanced
1609.612,enhanced
1611.071,enhanced
1613.377,enhanced
1622.34,enhanced
1627.107,enhanced
1628.866,enhanced
1629.976,enhanced
1640.369,enhanced
1642.11,enhanced
1642.31,enhanced
1670.779,enhanced
1675.53,enhanced
1680.253,enhanced
1680.877,enhanced
1682.978,enhanced
1685.46,enhanced
1687.401,enhanced
1688.157,enhanced
1689.064,enhanced
1696.657,enhanced
1698.954,enhanced
1699.924,enhanced
1702.359,enhanced
1706.852,enhanced
1709.578,enhanced
1709.779,enhanced
1710.955,enhanced
1711.951,enhanced
1719.537,enhanced
1724.724,enhanced
1728.281,enhanced
1740.737,enhanced
1743.86,enhanced
1745.406,enhanced
1749.35,enhanced
1750.8,enhanced
1753.933,enhanced
1757.635,enhanced
1762.226,enhanced
1766.397,enhanced
1777.084,enhanced
1777.375,enhanced
1778.264,enhanced
1778.687,enhanced
1782.418,enhanced
1785.731,enhanced
1785.774,enhanced
1786.331,enhanced
1798.335,enhanced
1805.174,enhanced
1815.122,enhanced
1816.47,enhanced
1817.885,enhanced
1818.322,enhanced
1829.726,enhanced
1833.531,enhanced
1844.455,enhanced
1856.157,enhanced
1875.189,enhanced
1880.994,enhanced
1881.997,enhanced
1884.688,enhanced
1890.795,enhanced
1891.013,enhanced
1897.797,enhanced
1899.339,enhanced
1908.598,enhanced
1915.302,enhanced
1920.54,enhanced
1926.881,enhanced
1930.53,enhanced
1931.305,enhanced
1934.891,enhanced
1936.728,enhanced
1940.266,enhanced
1952.511,enhanced
1956.151,enhanced
1957.354,enhanced
1958.412,enhanced
1967.265,enhanced
1985.36,enhanced
2007.6,enhanced
2009.282,enhanced
2009.769,enhanced
2011.784,enhanced
2014.695,enhanced
2027.093,enhanced
2042.95,enhanced
2049.334,enhanced
2058.835,enhanced
2067.398,enhanced
2085.164,enhanced
2094.055,enhanced
2097.943,enhanced
2100.517,enhanced
2114.333,enhanced
2140.469,enhanced
2149.001,enhanced
2160.248,enhanced
2161.084,enhanced
2161.415,enhanced
2171.473,enhanced
2176.812,enhanced
2190.373,enhanced
2196.594,enhanced
2210.509,enhanced
2212.089,enhanced
2215.712,enhanced
2218.155,enhanced
2221.202,enhanced
2221.883,enhanced
2222.85,enhanced
2238.445,enhanced
2241.588,enhanced
2256.773,enhanced
2264.691,enhanced
2267.356,enhanced
2270.966,enhanced
2271.986,enhanced
2291.493,enhanced
2297.651,enhanced
2301.313,enhanced
2302.114,enhanced
2305.406,enhanced
2312.68,enhanced
2313.48,enhanced
2318.821,enhanced
2318.854,enhanced
2322.676,enhanced
2341.363,enhanced
2350.716,enhanced
2359.791,enhanced
2360.043,enhanced
2363.544,enhanced
2369.577,enhanced
2374.646,enhanced
2377.614,enhanced
2410.293,enhanced
2413.273,enhanced
2423.678,enhanced
2452.911,enhanced
2465.499,enhanced
2485.823,enhanced
2491.786,enhanced
2492.188,enhanced
2492.448,enhanced
2512.022,enhanced
2515.308,enhanced
2529.576,enhanced
2532.793,enhanced
2543.849,enhanced
2554.862,enhanced
2579.846,enhanced
2584.109,enhanced
2587.003,enhanced
2618.178,enhanced
2622.721,enhanced
2626.795,enhanced
2632.232,enhanced
2633.452,enhanced
2663.708,enhanced
2666.781,enhanced
2715.276,enhanced
2742.076,enhanced
2742.91,enhanced
2745.039,enhanced
2769.74,enhanced
2771.932,enhanced
2779.818,enhanced
2790.183,enhanced
2792.754,enhanced
2799.612,enhanced
2803.698,enhanced
2828.368,enhanced
2834.662,enhanced
2869.31,enhanced
2883.361,enhanced
2911.371,enhanced
2911.454,enhanced
2953.234,enhanced
2961.813,enhanced
2981.843,enhanced
3002.25,enhanced
3004.752,enhanced
3015.113,enhanced
3023.371,enhanced
3024.494,enhanced
3024.919,enhanced
3026.891,enhanced
3028.785,enhanced
3029.269,enhanced
3043.265,enhanced
3045.064,enhanced
3060.966,enhanced
3061.906,enhanced
3086.751,enhanced
3087.81,enhanced
3098.328,enhanced
3127.846,enhanced
3145.015,enhanced
3175.55,enhanced
3189.515,enhanced
3205.235,enhanced
3214.294,enhanced
3219.225,enhanced
3246.574,enhanced
3266.592,enhanced
3274.062,enhanced
3281.701,enhanced
3285.732,enhanced
3286.596,enhanced
3308.025,enhanced
3328.301,enhanced
3336.005,enhanced
3349.279,enhanced
3360.612,enhanced
3361.835,enhanced
3369.618,enhanced
3387.162,enhanced
3414.116,enhanced
3414.783,enhanced
3437.673,enhanced
3492.003,enhanced
3495.057,enhanced
3500.898,enhanced
3607.229,enhanced
3611.971,enhanced
3633.775,enhanced
3645.093,enhanced
3656.425,enhanced
3660.966,enhanced
3684.108,enhanced
3724.205,enhanced
3746.248,enhanced
3799.898,enhanced
3817.666,enhanced
3831.402,enhanced
3849.606,enhanced
3854.646,enhanced
3892.091,enhanced
3901.381,enhanced
3950.764,enhanced
3959.442,enhanced
3971.014,enhanced
3990.098,enhanced
4093.545,enhanced
4163.88,enhanced
4172.777,enhanced
4229.585,enhanced
4229.809,enhanced
4247.405,enhanced
4307.684,enhanced
4310.838,enhanced
4320.023,enhanced
4324.303,enhanced
4337.094,enhanced
4355.412,enhanced
4376.279,enhanced
4406.305,enhanced
4428.08,enhanced
4502.286,enhanced
4529.091,enhanced
4552.161,enhanced
4580.769,enhanced
4596.922,enhanced
4614.904,enhanced
4621.428,enhanced
4694.642,enhanced
4726.998,enhanced
4767.015,enhanced
4818.357,enhanced
4823.016,enhanced
4834.327,enhanced
4846.105,enhanced
4883.75,enhanced
4906.172,enhanced
4917.302,enhanced
4922.769,enhanced
5026.98,enhanced
5061.72,enhanced
5144.559,enhanced
5183.864,enhanced
5221.764,enhanced
5225.324,enhanced
5261.952,enhanced
5309.234,enhanced
5321.212,enhanced
5428.862,enhanced
5469.918,enhanced
5507.764,enhanced
5574.514,enhanced
5623.094,enhanced
5713.599,enhanced
5761.516,enhanced
5788.233,enhanced
5802.642,enhanced
5980.878,enhanced
6226.509,enhanced
6257.004,enhanced
6269.094,enhanced
6356.593,enhanced
6370.737,enhanced
6384.678,enhanced
6427.273,enhanced
6477.124,enhanced
6536.907,enhanced
6555.056,enhanced
6556.48,enhanced
6742.048,enhanced
6821.455,enhanced
6979.232,enhanced
7017.497,enhanced
7024.998,enhanced
7044.754,enhanced
7131.955,enhanced
7135.713,enhanced
7349.63,enhanced
7425.13,enhanced
7525.261,enhanced
7823.14,enhanced
7871.221,enhanced
8023.149,enhanced
8045.81,enhanced
8173.634,enhanced
8408.641,enhanced
8419.152,enhanced
8528.877,enhanced
8552.364,enhanced
8608.411,enhanced
8773.52,enhanced
9064.975,enhanced
9221.875,enhanced
9294.868,enhanced
9523.239,enhanced
10519.636,enhanced
10939.653,enhanced
11003.107,enhanced
11996.52,enhanced
13018.627,enhanced
13345.483,enhanced
13583.424,enhanced
14494.169,enhanced
14677.029,enhanced
14927.813,enhanced
15578.642,enhanced
16295.351,enhanced
16395.495,enhanced
21985.919,enhanced
22315.352,enhanced
24784.267,enhanced
0.003,specific
0.003,specific
0.003,specific
0.003,specific
0.003,specific
0.003,specific
0.003,specific
0.003,specific
0.003,specific
0.003,specific
0.003,specific
0.003,specific
0.006,specific
0.006,specific
0.006,specific
0.006,specific
0.006,specific
0.006,specific
0.006,specific
0.006,specific
0.006,specific
0.009,specific
0.009,specific
0.009,specific
0.012,specific
0.012,specific
0.012,specific
0.012,specific
0.012,specific
0.012,specific
0.012,specific
0.012,specific
0.012,specific
0.012,specific
0.012,specific
0.012,specific
0.015,specific
0.015,specific
0.015,specific
0.015,specific
0.018,specific
0.018,specific
0.018,specific
0.021,specific
0.021,specific
0.021,specific
0.022,specific
0.024,specific
0.024,specific
0.024,specific
0.027,specific
0.027,specific
0.027,specific
0.027,specific
0.027,specific
0.027,specific
0.03,specific
0.03,specific
0.03,specific
0.03,specific
0.03,specific
0.033,specific
0.033,specific
0.033,specific
0.033,specific
0.033,specific
0.033,specific
0.033,specific
0.036,specific
0.036,specific
0.036,specific
0.036,specific
0.039,specific
0.039,specific
0.039,specific
0.039,specific
0.039,specific
0.039,specific
0.039,specific
0.042,specific
0.042,specific
0.042,specific
0.042,specific
0.042,specific
0.042,specific
0.045,specific
0.045,specific
0.045,specific
0.045,specific
0.045,specific
0.045,specific
0.045,specific
0.045,specific
0.045,specific
0.045,specific
0.048,specific
0.048,specific
0.048,specific
0.048,specific
0.048,specific
0.048,specific
0.048,specific
0.051,specific
0.051,specific
0.051,specific
0.054,specific
0.054,specific
0.054,specific
0.054,specific
0.054,specific
0.057,specific
0.057,specific
0.057,specific
0.057,specific
0.057,specific
0.057,specific
0.057,specific
0.057,specific
0.057,specific
0.057,specific
0.06,specific
0.06,specific
0.06,specific
0.06,specific
0.063,specific
0.063,specific
0.063,specific
0.063,specific
0.063,specific
0.063,specific
0.066,specific
0.069,specific
0.069,specific
0.069,specific
0.069,specific
0.069,specific
0.072,specific
0.072,specific
0.072,specific
0.072,specific
0.075,specific
0.075,specific
0.075,specific
0.075,specific
0.075,specific
0.075,specific
0.077,specific
0.078,specific
0.078,specific
0.078,specific
0.078,specific
0.078,specific
0.081,specific
0.081,specific
0.081,specific
0.083,specific
0.084,specific
0.084,specific
0.084,specific
0.084,specific
0.087,specific
0.087,specific
0.087,specific
0.087,specific
0.09,specific
0.09,specific
0.09,specific
0.09,specific
0.093,specific
0.093,specific
0.093,specific
0.096,specific
0.096,specific
0.096,specific
0.097,specific
0.099,specific
0.099,specific
0.099,specific
0.102,specific
0.102,specific
0.102,specific
0.105,specific
0.105,specific
0.105,specific
0.108,specific
0.108,specific
0.111,specific
0.111,specific
0.111,specific
0.111,specific
0.112,specific
0.114,specific
0.114,specific
0.114,specific
0.117,specific
0.117,specific
0.117,specific
0.12,specific
0.12,specific
0.12,specific
0.12,specific
0.12,specific
0.126,specific
0.126,specific
0.126,specific
0.129,specific
0.129,specific
0.129,specific
0.129,specific
0.129,specific
0.129,specific
0.129,specific
0.132,specific
0.132,specific
0.132,specific
0.132,specific
0.132,specific
0.132,specific
0.135,specific
0.135,specific
0.135,specific
0.135,specific
0.138,specific
0.138,specific
0.141,specific
0.141,specific
0.144,specific
0.146,specific
0.147,specific
0.147,specific
0.149,specific
0.15,specific
0.156,specific
0.156,specific
0.156,specific
0.156,specific
0.157,specific
0.159,specific
0.159,specific
0.165,specific
0.165,specific
0.168,specific
0.168,specific
0.169,specific
0.171,specific
0.171,specific
0.174,specific
0.174,specific
0.177,specific
0.179,specific
0.18,specific
0.182,specific
0.182,specific
0.183,specific
0.183,specific
0.187,specific
0.19,specific
0.192,specific
0.192,specific
0.195,specific
0.198,specific
0.201,specific
0.204,specific
0.205,specific
0.206,specific
0.207,specific
0.213,specific
0.215,specific
0.216,specific
0.216,specific
0.219,specific
0.219,specific
0.222,specific
0.225,specific
0.225,specific
0.225,specific
0.225,specific
0.226,specific
0.228,specific
0.23,specific
0.231,specific
0.231,specific
0.233,specific
0.234,specific
0.235,specific
0.238,specific
0.24,specific
0.24,specific
0.24,specific
0.24,specific
0.24,specific
0.241,specific
0.243,specific
0.243,specific
0.244,specific
0.246,specific
0.246,specific
0.249,specific
0.249,specific
0.249,specific
0.252,specific
0.258,specific
0.258,specific
0.258,specific
0.261,specific
0.261,specific
0.264,specific
0.27,specific
0.27,specific
0.281,specific
0.282,specific
0.282,specific
0.285,specific
0.294,specific
0.297,specific
0.297,specific
0.298,specific
0.3,specific
0.3,specific
0.3,specific
0.303,specific
0.303,specific
0.304,specific
0.309,specific
0.311,specific
0.316,specific
0.318,specific
0.321,specific
0.324,specific
0.327,specific
0.327,specific
0.328,specific
0.336,specific
0.337,specific
0.342,specific
0.345,specific
0.348,specific
0.348,specific
0.351,specific
0.351,specific
0.354,specific
0.354,specific
0.354,specific
0.362,specific
0.363,specific
0.367,specific
0.369,specific
0.369,specific
0.37,specific
0.37,specific
0.391,specific
0.396,specific
0.401,specific
0.402,specific
0.411,specific
0.411,specific
0.414,specific
0.414,specific
0.417,specific
0.429,specific
0.432,specific
0.444,specific
0.452,specific
0.465,specific
0.471,specific
0.471,specific
0.474,specific
0.476,specific
0.476,specific
0.484,specific
0.499,specific
0.501,specific
0.501,specific
0.513,specific
0.516,specific
0.522,specific
0.531,specific
0.531,specific
0.54,specific
0.54,specific
0.544,specific
0.546,specific
0.559,specific
0.569,specific
0.57,specific
0.577,specific
0.587,specific
0.591,specific
0.593,specific
0.595,specific
0.596,specific
0.597,specific
0.597,specific
0.603,specific
0.606,specific
0.612,specific
0.616,specific
0.619,specific
0.619,specific
0.622,specific
0.627,specific
0.637,specific
0.647,specific
0.65,specific
0.651,specific
0.666,specific
0.672,specific
0.678,specific
0.682,specific
0.709,specific
0.713,specific
0.714,specific
0.723,specific
0.732,specific
0.735,specific
0.739,specific
0.742,specific
0.744,specific
0.744,specific
0.748,specific
0.753,specific
0.779,specific
0.795,specific
0.819,specific
0.825,specific
0.837,specific
0.844,specific
0.846,specific
0.867,specific
0.869,specific
0.874,specific
0.884,specific
0.89,specific
0.89,specific
0.912,specific
0.921,specific
0.93,specific
0.932,specific
0.936,specific
0.952,specific
0.956,specific
0.963,specific
1.007,specific
1.014,specific
1.017,specific
1.032,specific
1.05,specific
1.053,specific
1.056,specific
1.056,specific
1.057,specific
1.062,specific
1.106,specific
1.113,specific
1.122,specific
1.143,specific
1.15,specific
1.155,specific
1.163,specific
1.178,specific
1.178,specific
1.255,specific
1.268,specific
1.295,specific
1.316,specific
1.317,specific
1.317,specific
1.329,specific
1.361,specific
1.365,specific
1.392,specific
1.412,specific
1.416,specific
1.427,specific
1.435,specific
1.437,specific
1.447,specific
1.47,specific
1.492,specific
1.524,specific
1.536,specific
1.548,specific
1.562,specific
1.568,specific
1.583,specific
1.593,specific
1.623,specific
1.632,specific
1.632,specific
1.642,specific
1.731,specific
1.779,specific
1.797,specific
1.827,specific
1.831,specific
1.838,specific
1.881,specific
1.917,specific
1.923,specific
2.008,specific
2.01,specific
2.018,specific
2.032,specific
2.041,specific
2.072,specific
2.104,specific
2.121,specific
2.124,specific
2.223,specific
2.268,specific
2.319,specific
2.333,specific
2.336,specific
2.357,specific
2.385,specific
2.393,specific
2.414,specific
2.433,specific
2.443,specific
2.487,specific
2.493,specific
2.571,specific
2.639,specific
2.668,specific
2.722,specific
2.741,specific
2.761,specific
2.79,specific
2.809,specific
2.812,specific
2.832,specific
2.855,specific
2.884,specific
2.887,specific
2.895,specific
2.94,specific
2.958,specific
2.96,specific
2.983,specific
3.002,specific
3.007,specific
3.02,specific
3.024,specific
3.098,specific
3.125,specific
3.131,specific
3.135,specific
3.306,specific
3.314,specific
3.326,specific
3.408,specific
3.475,specific
3.49,specific
3.512,specific
3.627,specific
3.642,specific
3.673,specific
3.822,specific
3.842,specific
3.885,specific
3.898,specific
4.19,specific
4.256,specific
4.323,specific
4.42,specific
4.567,specific
4.65,specific
4.763,specific
4.809,specific
4.918,specific
5.001,specific
5.281,specific
5.41,specific
5.469,specific
5.706,specific
5.724,specific
6.113,specific
6.149,specific
6.321,specific
6.354,specific
6.373,specific
6.397,specific
6.462,specific
6.575,specific
7.186,specific
7.214,specific
7.3,specific
7.363,specific
7.794,specific
8.153,specific
8.42,specific
8.492,specific
8.586,specific
8.603,specific
8.943,specific
9.504,specific
10.341,specific
10.362,specific
10.822,specific
10.844,specific
11.232,specific
11.615,specific
11.818,specific
11.889,specific
11.91,specific
11.99,specific
12.187,specific
13.312,specific
14.265,specific
14.572,specific
15.048,specific
15.056,specific
15.599,specific
16.109,specific
16.136,specific
16.229,specific
16.398,specific
16.784,specific
17.278,specific
17.537,specific
18.129,specific
18.588,specific
19.458,specific
19.737,specific
19.806,specific
20.085,specific
21.015,specific
21.179,specific
21.438,specific
21.913,specific
22.27,specific
22.331,specific
23.162,specific
23.787,specific
25.044,specific
25.873,specific
26.97,specific
27.504,specific
27.839,specific
28.007,specific
28.758,specific
28.89,specific
29.971,specific
31.373,specific
31.883,specific
31.946,specific
34.332,specific
36.008,specific
37.459,specific
38.08,specific
38.291,specific
38.429,specific
40.742,specific
41.472,specific
41.522,specific
42.137,specific
42.453,specific
43.104,specific
43.321,specific
43.437,specific
44.215,specific
45.165,specific
45.432,specific
45.643,specific
45.656,specific
45.689,specific
45.699,specific
45.866,specific
45.963,specific
46.685,specific
47.309,specific
47.33,specific
47.589,specific
48.315,specific
49.89,specific
50.577,specific
50.693,specific
50.93,specific
52.863,specific
53.596,specific
55.601,specific
55.873,specific
56.1,specific
56.43,specific
56.916,specific
58.027,specific
58.432,specific
59.939,specific
60.115,specific
60.186,specific
60.297,specific
61.169,specific
61.389,specific
61.926,specific
61.992,specific
62.317,specific
63.282,specific
63.816,specific
64.041,specific
64.649,specific
65.04,specific
65.368,specific
67.187,specific
67.637,specific
67.745,specific
68.525,specific
69.83,specific
70.014,specific
70.59,specific
71.835,specific
72.089,specific
72.302,specific
72.346,specific
73.74,specific
74.114,specific
74.921,specific
75.345,specific
75.402,specific
75.437,specific
75.517,specific
76.251,specific
76.866,specific
77.043,specific
78.29,specific
78.489,specific
78.672,specific
79.065,specific
79.443,specific
79.718,specific
80.063,specific
81.637,specific
82.048,specific
82.696,specific
82.821,specific
82.823,specific
82.891,specific
82.948,specific
83.29,specific
83.666,specific
83.802,specific
84.943,specific
85.491,specific
85.616,specific
85.645,specific
87.175,specific
87.563,specific
87.768,specific
87.976,specific
88.665,specific
88.851,specific
88.89,specific
90.146,specific
90.395,specific
91.123,specific
91.278,specific
91.678,specific
93.114,specific
93.318,specific
93.743,specific
93.84,specific
94.732,specific
95.832,specific
96.347,specific
97.348,specific
97.423,specific
97.43,specific
97.885,specific
98.426,specific
99.248,specific
99.957,specific
100.19,specific
100.524,specific
100.724,specific
102.446,specific
102.83,specific
103.006,specific
104.025,specific
104.347,specific
105.075,specific
105.41,specific
105.651,specific
106.693,specific
107.324,specific
107.571,specific
107.657,specific
108.044,specific
109.239,specific
109.513,specific
110.807,specific
110.932,specific
111.272,specific
111.485,specific
111.591,specific
111.69,specific
111.895,specific
112.031,specific
112.762,specific
112.9,specific
113.759,specific
113.95,specific
114.266,specific
115.041,specific
115.179,specific
115.358,specific
116.917,specific
117.471,specific
117.531,specific
117.732,specific
117.947,specific
117.96,specific
118.343,specific
119.873,specific
121.064,specific
121.77,specific
122.618,specific
123.709,specific
123.924,specific
124.186,specific
124.347,specific
125.643,specific
127.584,specific
127.612,specific
128.46,specific
128.521,specific
128.682,specific
129.92,specific
130.427,specific
131.1,specific
131.632,specific
131.743,specific
132.174,specific
133.803,specific
134.097,specific
134.468,specific
134.589,specific
134.937,specific
135.769,specific
136.281,specific
136.439,specific
137.01,specific
137.607,specific
137.922,specific
138.204,specific
138.61,specific
139.063,specific
139.853,specific
139.853,specific
140.131,specific
141.442,specific
141.929,specific
142.098,specific
142.706,specific
143.285,specific
144.262,specific
144.397,specific
144.882,specific
145,specific
145.083,specific
145.615,specific
146.556,specific
147.105,specific
147.194,specific
148.892,specific
149.225,specific
149.93,specific
150.296,specific
150.379,specific
150.523,specific
150.6,specific
151.171,specific
151.181,specific
151.274,specific
151.306,specific
151.389,specific
152.034,specific
152.062,specific
152.067,specific
152.586,specific
153.312,specific
153.367,specific
153.711,specific
153.968,specific
154.354,specific
154.78,specific
154.972,specific
155.744,specific
155.877,specific
157.359,specific
157.8,specific
157.993,specific
158.802,specific
159.072,specific
159.074,specific
161.23,specific
163.499,specific
163.627,specific
163.833,specific
163.864,specific
164.253,specific
165.173,specific
165.302,specific
165.455,specific
166.022,specific
167.283,specific
167.723,specific
168.138,specific
168.828,specific
169.214,specific
169.347,specific
171.197,specific
171.561,specific
171.924,specific
172.407,specific
172.559,specific
172.561,specific
173.019,specific
174.441,specific
175.184,specific
175.531,specific
175.687,specific
176.415,specific
176.706,specific
177.298,specific
178.315,specific
178.591,specific
178.979,specific
179.967,specific
180.788,specific
181.082,specific
181.658,specific
182.263,specific
182.639,specific
182.683,specific
182.869,specific
183.235,specific
183.339,specific
184.001,specific
185.676,specific
185.684,specific
185.73,specific
186.04,specific
186.079,specific
186.184,specific
187.207,specific
187.299,specific
187.984,specific
188.536,specific
188.554,specific
189.039,specific
189.138,specific
189.995,specific
190.487,specific
191.479,specific
192.178,specific
192.27,specific
192.526,specific
193.78,specific
193.959,specific
194.065,specific
194.85,specific
196.099,specific
196.187,specific
196.493,specific
197.576,specific
198.379,specific
198.991,specific
199.764,specific
200.201,specific
200.292,specific
200.361,specific
200.713,specific
201.553,specific
201.776,specific
202.519,specific
203.262,specific
204,specific
204.434,specific
204.532,specific
205.612,specific
205.877,specific
205.915,specific
206.95,specific
207.161,specific
207.199,specific
207.424,specific
210.664,specific
211.055,specific
211.704,specific
212.504,specific
212.674,specific
212.82,specific
213.549,specific
213.653,specific
213.776,specific
215.527,specific
215.547,specific
216.167,specific
216.626,specific
216.92,specific
216.931,specific
217.07,specific
217.198,specific
218.099,specific
218.218,specific
219.042,specific
219.138,specific
220.738,specific
221.849,specific
222.328,specific
222.464,specific
223.827,specific
224.688,specific
226.082,specific
226.679,specific
227.855,specific
228.14,specific
228.431,specific
228.575,specific
229.801,specific
230.674,specific
230.75,specific
230.753,specific
230.791,specific
231.167,specific
231.861,specific
231.989,specific
231.991,specific
232.197,specific
232.733,specific
233.12,specific
233.708,specific
233.947,specific
234.994,specific
236.186,specific
236.767,specific
237.29,specific
237.72,specific
237.857,specific
238.579,specific
240.722,specific
241.94,specific
241.966,specific
243.069,specific
243.157,specific
246.883,specific
246.915,specific
248.594,specific
248.672,specific
249.01,specific
249.236,specific
249.813,specific
250.968,specific
251.194,specific
251.429,specific
251.526,specific
254.03,specific
254.332,specific
254.49,specific
256.875,specific
257.697,specific
258.698,specific
258.985,specific
259.545,specific
259.927,specific
259.946,specific
260.732,specific
260.871,specific
260.924,specific
262.266,specific
262.475,specific
263.606,specific
263.674,specific
264.766,specific
265.193,specific
266.809,specific
267.618,specific
267.956,specific
268.393,specific
271.504,specific
272.225,specific
272.281,specific
272.674,specific
273.214,specific
274.838,specific
275.107,specific
275.659,specific
275.796,specific
276.891,specific
276.95,specific
277.314,specific
278.478,specific
278.99,specific
281.111,specific
281.802,specific
282.73,specific
284.267,specific
284.339,specific
284.369,specific
285.368,specific
285.466,specific
285.719,specific
286.85,specific
289.822,specific
289.977,specific
290.003,specific
290.838,specific
291.054,specific
291.67,specific
291.989,specific
293.616,specific
293.745,specific
294.327,specific
295.333,specific
295.931,specific
296.505,specific
297.624,specific
298.884,specific
298.904,specific
299.64,specific
300.109,specific
300.832,specific
301.173,specific
302.185,specific
302.275,specific
303.948,specific
304.421,specific
304.856,specific
305.367,specific
305.49,specific
305.657,specific
305.69,specific
306.675,specific
306.798,specific
308.9,specific
309.046,specific
311.242,specific
312.343,specific
312.524,specific
313.715,specific
313.96,specific
314.197,specific
314.956,specific
315.324,specific
315.794,specific
315.847,specific
317.341,specific
318.359,specific
320.073,specific
321.399,specific
321.935,specific
322.124,specific
323.144,specific
323.379,specific
324.212,specific
325.478,specific
325.95,specific
326.912,specific
327.869,specific
328.003,specific
328.415,specific
329.028,specific
329.528,specific
330.585,specific
331.753,specific
332.497,specific
332.655,specific
333.101,specific
333.865,specific
334.399,specific
337.785,specific
338.321,specific
338.897,specific
342.287,specific
343.332,specific
343.654,specific
343.963,specific
344.142,specific
344.733,specific
345.526,specific
346.386,specific
346.695,specific
347.853,specific
348.263,specific
348.864,specific
349.88,specific
350.099,specific
350.84,specific
351.443,specific
352.24,specific
353.802,specific
355.808,specific
355.91,specific
356.062,specific
356.959,specific
357.408,specific
357.443,specific
360.001,specific
360.563,specific
362.624,specific
363.267,specific
363.585,specific
363.655,specific
363.766,specific
364.107,specific
365.179,specific
365.264,specific
365.7,specific
365.879,specific
368.374,specific
368.711,specific
369.382,specific
371.028,specific
372.275,specific
373.592,specific
374.59,specific
375.913,specific
378.243,specific
379.525,specific
380.139,specific
380.262,specific
381.506,specific
382.392,specific
383.115,specific
384.681,specific
385.468,specific
386.084,specific
386.159,specific
386.659,specific
387.617,specific
388.287,specific
390.904,specific
391.204,specific
394.159,specific
394.95,specific
395.036,specific
395.119,specific
397.078,specific
397.634,specific
399.21,specific
399.377,specific
399.644,specific
399.733,specific
401.593,specific
403.889,specific
404.038,specific
404.358,specific
404.712,specific
405.013,specific
405.017,specific
406.863,specific
408.033,specific
408.122,specific
408.252,specific
408.787,specific
409.517,specific
409.693,specific
411.069,specific
411.856,specific
412.245,specific
412.806,specific
413.039,specific
413.648,specific
415.531,specific
416.123,specific
417.321,specific
418.816,specific
419.906,specific
421.876,specific
425.212,specific
426.22,specific
426.294,specific
427.734,specific
428.304,specific
428.93,specific
429.597,specific
432.258,specific
433.435,specific
433.548,specific
434.901,specific
436.082,specific
436.287,specific
437.176,specific
438.089,specific
438.159,specific
439.668,specific
440.597,specific
441.578,specific
441.776,specific
442.188,specific
443.513,specific
443.615,specific
444.469,specific
444.916,specific
445.279,specific
446.261,specific
446.269,specific
447.929,specific
448.021,specific
448.801,specific
449.15,specific
449.994,specific
450.73,specific
452.159,specific
452.659,specific
453.961,specific
453.99,specific
454.514,specific
455.535,specific
455.801,specific
455.997,specific
456.038,specific
456.11,specific
456.926,specific
457.547,specific
457.79,specific
458.894,specific
460.405,specific
463.332,specific
466.019,specific
466.506,specific
467.048,specific
468.669,specific
468.968,specific
469.123,specific
469.392,specific
470.72,specific
471.535,specific
476.815,specific
478.642,specific
479.937,specific
481.655,specific
481.765,specific
481.974,specific
482.212,specific
485.529,specific
486.334,specific
487.511,specific
489.491,specific
490.416,specific
491.385,specific
492.449,specific
492.65,specific
493.131,specific
494.023,specific
494.815,specific
497.353,specific
497.943,specific
498.291,specific
498.706,specific
498.709,specific
499.253,specific
499.878,specific
500.077,specific
500.281,specific
501.669,specific
502.078,specific
502.235,specific
503.151,specific
504.963,specific
505.794,specific
508.159,specific
508.21,specific
511.875,specific
512.865,specific
513.069,specific
513.362,specific
514.389,specific
515.737,specific
515.787,specific
517.595,specific
521.669,specific
523.336,specific
524.065,specific
524.397,specific
526.546,specific
527.88,specific
528.172,specific
529.87,specific
529.974,specific
530.229,specific
530.401,specific
530.517,specific
531.287,specific
534.146,specific
535.453,specific
536.053,specific
537.136,specific
538.696,specific
538.743,specific
539.85,specific
541.094,specific
542.047,specific
542.397,specific
542.438,specific
542.688,specific
542.841,specific
543.151,specific
543.246,specific
543.634,specific
545.131,specific
550.248,specific
552.478,specific
552.643,specific
552.658,specific
552.683,specific
552.759,specific
554.616,specific
555.919,specific
556.686,specific
557.006,specific
560.674,specific
561.579,specific
562.723,specific
563.644,specific
564.226,specific
566.836,specific
567.29,specific
567.298,specific
568.08,specific
571.164,specific
571.538,specific
572.919,specific
574.85,specific
575.242,specific
575.765,specific
576.398,specific
577.06,specific
577.158,specific
578.915,specific
579.078,specific
579.268,specific
579.811,specific
580.315,specific
581.6,specific
582.481,specific
583.729,specific
584.174,specific
585.119,specific
586.689,specific
587.788,specific
587.845,specific
588.607,specific
589.398,specific
590.227,specific
590.778,specific
591.49,specific
593.899,specific
597.788,specific
599.642,specific
600.27,specific
604.098,specific
604.357,specific
605.033,specific
607.075,specific
608.293,specific
608.65,specific
609.328,specific
609.614,specific
610.044,specific
611.226,specific
611.684,specific
611.726,specific
612.344,specific
613.127,specific
613.421,specific
613.551,specific
615.049,specific
615.075,specific
616.165,specific
616.174,specific
616.474,specific
617.354,specific
621.092,specific
622.845,specific
625.566,specific
625.656,specific
626.534,specific
626.984,specific
630.636,specific
630.703,specific
633.775,specific
633.985,specific
634.198,specific
635.037,specific
635.809,specific
636.663,specific
637.012,specific
638.356,specific
639.74,specific
640.418,specific
642.11,specific
643.178,specific
644.013,specific
645.564,specific
646.203,specific
646.746,specific
648.097,specific
648.231,specific
648.319,specific
649.437,specific
649.792,specific
652.633,specific
656.738,specific
656.865,specific
657.361,specific
658.764,specific
659.415,specific
659.465,specific
660.001,specific
661.624,specific
661.651,specific
664.181,specific
666.226,specific
666.963,specific
668.162,specific
671.711,specific
671.743,specific
673.887,specific
674.294,specific
674.949,specific
677.565,specific
678.161,specific
678.561,specific
678.714,specific
678.919,specific
680.124,specific
681.483,specific
684.429,specific
686.554,specific
686.92,specific
688.786,specific
688.87,specific
689.742,specific
690.192,specific
690.197,specific
690.523,specific
691.113,specific
691.169,specific
691.729,specific
695.815,specific
696.553,specific
697.264,specific
697.919,specific
699.458,specific
699.583,specific
700.01,specific
700.08,specific
700.699,specific
701.959,specific
702.171,specific
703.241,specific
704.195,specific
707.166,specific
708.111,specific
713.096,specific
713.243,specific
713.585,specific
713.736,specific
714.145,specific
714.355,specific
714.741,specific
715.719,specific
716.727,specific
718.454,specific
720.568,specific
720.985,specific
723.433,specific
725.2,specific
727.954,specific
732.744,specific
732.777,specific
734.58,specific
736.388,specific
738.031,specific
739.924,specific
740.383,specific
740.451,specific
741.681,specific
742.258,specific
743.294,specific
743.953,specific
744.881,specific
745.096,specific
745.173,specific
745.242,specific
745.711,specific
745.885,specific
746.266,specific
747.151,specific
748.009,specific
748.245,specific
749.584,specific
749.702,specific
750.788,specific
752.962,specific
754.04,specific
754.165,specific
755.187,specific
757.507,specific
759.308,specific
759.687,specific
761.549,specific
763.475,specific
764.238,specific
764.243,specific
764.61,specific
768.265,specific
768.652,specific
773.036,specific
775.41,specific
775.682,specific
776.1,specific
778.787,specific
782.504,specific
783.459,specific
783.589,specific
785.304,specific
786.122,specific
786.817,specific
789.983,specific
793.962,specific
795.215,specific
795.219,specific
795.347,specific
797.156,specific
798.367,specific
799.106,specific
801.052,specific
803.087,specific
803.158,specific
803.727,specific
803.931,specific
806.21,specific
807.061,specific
809.267,specific
809.292,specific
810.217,specific
810.778,specific
813.08,specific
814.137,specific
814.437,specific
814.62,specific
815.817,specific
815.858,specific
819.501,specific
819.549,specific
821.523,specific
821.715,specific
822.559,specific
829.084,specific
829.281,specific
836.667,specific
838.54,specific
838.658,specific
840.171,specific
841.845,specific
845.421,specific
848.835,specific
850.717,specific
850.851,specific
851.649,specific
852.441,specific
853.864,specific
856.227,specific
863.821,specific
875.852,specific
876.315,specific
877.058,specific
879.122,specific
879.361,specific
880.364,specific
883.133,specific
884.518,specific
884.885,specific
886.764,specific
889.963,specific
889.996,specific
891.272,specific
891.955,specific
893.071,specific
895.509,specific
899.274,specific
900.478,specific
902.579,specific
902.696,specific
902.811,specific
904.226,specific
906.459,specific
909.617,specific
911.661,specific
913.543,specific
918.423,specific
919.307,specific
922.026,specific
922.702,specific
922.753,specific
922.981,specific
926.069,specific
929.759,specific
931.227,specific
932.188,specific
936.652,specific
938.734,specific
939.555,specific
944.246,specific
946.377,specific
947.827,specific
948.762,specific
955.315,specific
955.749,specific
955.907,specific
957.78,specific
959.626,specific
962.275,specific
962.605,specific
962.922,specific
963.189,specific
970.763,specific
971.893,specific
974.961,specific
978.015,specific
979.668,specific
985.875,specific
988.236,specific
988.559,specific
989.065,specific
989.746,specific
990.196,specific
994.634,specific
996.033,specific
997.117,specific
997.246,specific
1003.847,specific
1009.336,specific
1010.884,specific
1015.209,specific
1015.495,specific
1016.361,specific
1019.034,specific
1019.705,specific
1023.265,specific
1027.773,specific
1027.84,specific
1030.068,specific
1033.861,specific
1037.994,specific
1040.704,specific
1042.369,specific
1042.543,specific
1045.923,specific
1047.682,specific
1047.984,specific
1055.928,specific
1056.292,specific
1058.027,specific
1062.838,specific
1062.958,specific
1070.689,specific
1076.32,specific
1077.129,specific
1077.789,specific
1080.179,specific
1081.063,specific
1084.264,specific
1089.612,specific
1092.067,specific
1094.739,specific
1094.87,specific
1095.007,specific
1095.159,specific
1097.01,specific
1097.473,specific
1099.585,specific
1103.942,specific
1109.828,specific
1109.954,specific
1112.106,specific
1112.518,specific
1113.084,specific
1115.987,specific
1121.673,specific
1121.907,specific
1126.079,specific
1132.949,specific
1133.838,specific
1135.254,specific
1137.425,specific
1137.432,specific
1138.23,specific
1142.119,specific
1142.786,specific
1145.624,specific
1146.069,specific
1149.707,specific
1152.195,specific
1153.581,specific
1157.006,specific
1158.799,specific
1162.909,specific
1167.647,specific
1172.495,specific
1179.678,specific
1182.173,specific
1182.248,specific
1184.324,specific
1187.487,specific
1188.24,specific
1188.326,specific
1190.533,specific
1191.419,specific
1191.882,specific
1193.452,specific
1193.795,specific
1194.328,specific
1195.242,specific
1195.384,specific
1195.889,specific
1197.249,specific
1203.657,specific
1204.025,specific
1205.316,specific
1206.369,specific
1207.627,specific
1209.298,specific
1212.951,specific
1213.35,specific
1214.474,specific
1216.587,specific
1219.295,specific
1224.002,specific
1224.472,specific
1225.084,specific
1242.153,specific
1242.461,specific
1243.606,specific
1247.875,specific
1249.107,specific
1251.927,specific
1253,specific
1253.632,specific
1253.809,specific
1254.922,specific
1257.923,specific
1259.743,specific
1272.212,specific
1273.787,specific
1276.934,specific
1278.219,specific
1280.198,specific
1284.118,specific
1284.656,specific
1286.53,specific
1287.345,specific
1288.829,specific
1289.325,specific
1294.895,specific
1296.569,specific
1299.768,specific
1301.547,specific
1303.883,specific
1307.182,specific
1309.841,specific
1311.15,specific
1311.207,specific
1312.206,specific
1312.679,specific
1315.147,specific
1324.881,specific
1325.388,specific
1329.564,specific
1333.843,specific
1334.692,specific
1342.158,specific
1342.8,specific
1343.269,specific
1349.061,specific
1350.248,specific
1350.993,specific
1351.911,specific
1352.52,specific
1364.602,specific
1370.766,specific
1370.997,specific
1375.843,specific
1382.4,specific
1387.318,specific
1405.629,specific
1409.912,specific
1412.884,specific
1415.65,specific
1417.271,specific
1417.606,specific
1421.286,specific
1421.441,specific
1429.236,specific
1435.041,specific
1436.158,specific
1439.388,specific
1449.442,specific
1452.529,specific
1453.507,specific
1454.484,specific
1456.809,specific
1459.023,specific
1463.512,specific
1468.922,specific
1472.991,specific
1476.901,specific
1484.436,specific
1485.026,specific
1486.149,specific
1489.253,specific
1500.069,specific
1505.361,specific
1505.504,specific
1506.472,specific
1508.873,specific
1511.361,specific
1512.524,specific
1514.497,specific
1522.521,specific
1529.031,specific
1531.551,specific
1533.532,specific
1540.405,specific
1549.714,specific
1553.588,specific
1554.698,specific
1554.93,specific
1555.527,specific
1556.024,specific
1564.03,specific
1576.611,specific
1581.106,specific
1582.01,specific
1583.229,specific
1592.397,specific
1592.509,specific
1595.068,specific
1599.236,specific
1608.689,specific
1608.778,specific
1611.222,specific
1613.076,specific
1619.454,specific
1622.663,specific
1628.429,specific
1631.441,specific
1634.006,specific
1636.065,specific
1637.978,specific
1638.168,specific
1642.269,specific
1643.838,specific
1649.032,specific
1655.675,specific
1656.024,specific
1661.049,specific
1666.386,specific
1666.473,specific
1674.271,specific
1676.523,specific
1677.686,specific
1688.627,specific
1689.681,specific
1690.047,specific
1690.52,specific
1692.993,specific
1699.601,specific
1701.493,specific
1702.973,specific
1709.776,specific
1723.303,specific
1728.257,specific
1730.753,specific
1736.355,specific
1738.113,specific
1742.126,specific
1749.026,specific
1752.837,specific
1755.935,specific
1758.677,specific
1759.461,specific
1768.623,specific
1775.536,specific
1781.759,specific
1785.12,specific
1790.631,specific
1795.542,specific
1798.107,specific
1805.18,specific
1806.998,specific
1811.757,specific
1814.454,specific
1815.884,specific
1833.136,specific
1833.756,specific
1843.254,specific
1843.717,specific
1846.331,specific
1850.904,specific
1856.909,specific
1862.19,specific
1865.958,specific
1866.955,specific
1869.912,specific
1875.772,specific
1877.456,specific
1879.553,specific
1881.32,specific
1882.623,specific
1884.616,specific
1888.489,specific
1889.001,specific
1901.63,specific
1901.972,specific
1905.121,specific
1905.275,specific
1905.424,specific
1908.096,specific
1914.24,specific
1920.088,specific
1940.528,specific
1945.992,specific
1947.078,specific
1950.335,specific
1953.283,specific
1955.267,specific
1963.125,specific
1977.995,specific
1984.502,specific
1994.69,specific
2002.877,specific
2003.906,specific
2009.524,specific
2013.176,specific
2037.821,specific
2046.227,specific
2051.514,specific
2055.268,specific
2088.509,specific
2093.712,specific
2099.762,specific
2104.849,specific
2117.078,specific
2124.945,specific
2142.353,specific
2142.54,specific
2143.147,specific
2144.903,specific
2147.525,specific
2149.179,specific
2154.235,specific
2155.434,specific
2166.975,specific
2170.301,specific
2170.485,specific
2172.103,specific
2174.772,specific
2182.328,specific
2183.857,specific
2185.956,specific
2192.871,specific
2200.287,specific
2215.828,specific
2217.926,specific
2229.831,specific
2230.919,specific
2231.424,specific
2235.742,specific
2235.775,specific
2240.699,specific
2241.481,specific
2242.588,specific
2243.747,specific
2259.961,specific
2262.027,specific
2273.096,specific
2275.621,specific
2278.178,specific
2279.413,specific
2280.669,specific
2307.294,specific
2327.099,specific
2331.538,specific
2332.48,specific
2339.77,specific
2358.068,specific
2364.513,specific
2365.457,specific
2369.081,specific
2381.92,specific
2386.872,specific
2390.521,specific
2404.179,specific
2441.205,specific
2452.074,specific
2452.215,specific
2453.297,specific
2454.284,specific
2473.467,specific
2476.7,specific
2487.543,specific
2488.819,specific
2501.651,specific
2508.349,specific
2510.376,specific
2525.892,specific
2543.032,specific
2543.293,specific
2566.905,specific
2604.988,specific
2608.29,specific
2650.213,specific
2655.621,specific
2665.851,specific
2666.522,specific
2686.042,specific
2696.977,specific
2706.264,specific
2714.129,specific
2718.981,specific
2722.47,specific
2732.486,specific
2737.817,specific
2813.516,specific
2848.854,specific
2853.457,specific
2853.884,specific
2870.239,specific
2940.746,specific
2942.579,specific
2951.337,specific
2970.995,specific
3032.018,specific
3036.773,specific
3054.858,specific
3059.204,specific
3063.508,specific
3073.826,specific
3077.687,specific
3078.272,specific
3083.5,specific
3095.725,specific
3103.987,specific
3118.161,specific
3127.054,specific
3181.304,specific
3214.575,specific
3217.659,specific
3230.267,specific
3252.395,specific
3266.531,specific
3287.478,specific
3316.1,specific
3318.432,specific
3326.445,specific
3341.507,specific
3355.334,specific
3381.688,specific
3402.775,specific
3427.064,specific
3444.883,specific
3485.26,specific
3515.448,specific
3524.88,specific
3560.647,specific
3577.594,specific
3586.716,specific
3603.828,specific
3688.478,specific
3706.956,specific
3710.945,specific
3734.509,specific
3744.681,specific
3747.272,specific
3778.705,specific
3810.957,specific
3819.121,specific
3863.994,specific
3865.424,specific
3882.507,specific
3888.032,specific
3918.775,specific
3927.718,specific
3942.512,specific
3945.766,specific
3951.588,specific
4000.908,specific
4012.026,specific
4024.723,specific
4073.97,specific
4075.372,specific
4103.309,specific
4129.529,specific
4162.422,specific
4162.546,specific
4178.772,specific
4225.275,specific
4230.942,specific
4275.126,specific
4312.19,specific
4335.122,specific
4352.887,specific
4389.006,specific
4406.539,specific
4429.582,specific
4445.955,specific
4502.454,specific
4502.564,specific
4560.216,specific
4562.182,specific
4574.504,specific
4691.85,specific
4715.193,specific
4715.837,specific
4932.083,specific
4935.864,specific
5041.577,specific
5090.704,specific
5155.41,specific
5196.683,specific
5206.574,specific
5215.378,specific
5232.515,specific
5440.264,specific
5535.088,specific
5554.877,specific
5572.838,specific
5582.136,specific
5635.869,specific
5686.398,specific
5719.923,specific
5731.92,specific
5772.072,specific
5787.082,specific
5817.239,specific
6053.16,specific
6171.857,specific
6260.286,specific
6302.166,specific
6316.32,specific
6381.982,specific
6467.874,specific
6528.641,specific
6552.668,specific
6612.722,specific
6696.37,specific
6725.158,specific
6972.382,specific
6977.35,specific
7081.669,specific
7243.296,specific
7264.432,specific
7340.328,specific
7540.397,specific
7566.377,specific
7634.23,specific
7688.803,specific
7737.731,specific
7771.026,specific
7800.017,specific
7814.436,specific
7965.006,specific
8001.504,specific
8229.247,specific
8418.225,specific
8554.578,specific
9264.444,specific
9269.759,specific
9279.538,specific
9341.967,specific
9587.468,specific
9975.681,specific
10636.273,specific
10639.746,specific
10805.933,specific
11332.59,specific
12149.735,specific
12324.465,specific
12758.108,specific
13300.988,specific
13614.872,specific
13974.645,specific
14572.152,specific
15419.14,specific
15990.982,specific
21238.167,specific
24857.593,specific
51660.711,specific